{"fl-web-2":{"y":73.25363079131924},"fl-web-3":{"y":142.91270527225583},"home-freelance":{"y":-8.846598535247438},"home-personal":{"y":-74.63663010069799},"home-boh":{"x":-28.25623761532397,"y":-1.1102230246251565e-14},"fl-web-1":{"y":84.59465571175515},"fl-web-4":{"y":142.26462227582047},"fr-0-0":{"y":-0.02281021897810219},"pr-0-0":{"y":3.7586805555555554},"pr-0-1":{"y":-5.929904513888888},"pr-1-0":{"x":24.65940054495913},"pr-1-1":{"y":20.223882248782644},"pr-1-2":{"y":20.223882248782644},"pr-1-4":{"y":16.89453125},"pr-3-0":{"y":13.654513888888891},"pr-3-1":{"x":7.347670250896055},"home-kraken":{"x":-1.3306202458824266},"fl-spot-10":{"y":-4.6875},"contact-accent":{"s":0.6721981117263752,"x":32.235428917002814,"y":27.73791467992032},"fl-spot-6":{"y":4.6875},"flip-statement":{"s":0.28477434288399345,"x":32.482720828064174,"y":0.39601224351211783},"boh-hero":{"s":1.030431372145991,"x":0.8145499788193623,"y":0.23579218875395216},"dx-info-1":{"s":0.9866006956211951,"x":-0.0217358257002331,"y":-0.7134433651921839},"dx-evt-1":{"x":0.5541422524344727},"dx-evt-3":{"x":2.3576161762512515},"dx-evt-4":{"x":3.1726077599982956},"dx-evt-5":{"x":2.169049496090171},"ksdataxuextratilesv1-1-mqovvx9a":{"x":2.294760616197555},"dx-hero":{"y":0.1485770089285694},"boh-di-1":{"y":9.639158918005075},"boh-di-3":{"x":4.797475303648991,"y":1.1102230246251565e-14},"boh-di-5":{"y":69.21668419471155},"boh-di-6":{"y":10.801344651442308},"boh-gb-1":{"y":50.58131675003379},"fr-1-2":{"y":36.28951671511628},"ksfreelanceextratilesv1-1-mqko0952":{"y":-1.2400072674418605},"ksflipsterextratilesv1-2-mqunxvru":{"x":-3.773322194374826},"ksflipsterextratilesv1-2-mquoesrf":{"x":5.644418237550641},"ksflipsterextratilesv1-2-mquofrzl":{"y":0.4638671875},"ksflipsterextratilesv1-0-mqz9aele5zh":{"x":-0.04678518914584373},"ksflipsterextratilesv1-0-mqzay4qecj":{"y":9.794921875},"kr-di-1":{"y":-1.2047400841346154},"kr-di-2":{"x":1.1420535657213473},"kr-spot-2":{"s":0.8474576271186443,"y":3.398437500000008},"kskrakenextratilesv1-0-mqzh8jgg3pk":{"x":7.14285714285714},"kskrakenextratilesv1-0-mqzh8wn226t":{"y":-1.6174402250351494},"kskrakenextratilesv1-0-mqzhdosk332":{"x":-35.02205587488304},"kr-spot-5":{"s":0.8474576271186443,"x":-0.3504996484350031,"y":-0.7519531249999978},"kr-spot-7":{"s":0.8474576271186444,"x":0.17045575607781088,"y":3.5571289062499996},"kr-spot-9":{"s":0.8474576271186441,"x":-1.7763568394002505e-15},"kr-di-3":{"y":14.511718750000002},"kr-di-4":{"y":14.511718750000002},"kr-di-5":{"y":12.50244140625},"kskrakenextratilesv1-0-mqzgdz7v1qw":{"y":14.511718750000002},"kskrakenextratilesv1-0-mqzge32i6ic":{"y":14.511718750000002},"kskrakenextratilesv1-0-mqzgl87p27k":{"y":4.76806640625},"kskrakenextratilesv1-0-mqzgl92i1d6":{"y":14.511718750000002},"kskrakenextratilesv1-0-mqzgm0u6683":{"y":-3.11279296875},"kskrakenextratilesv1-0-mqzgpzrlk6":{"y":10.5615234375},"kskrakenextratilesv1-0-mqzgq2co2e8":{"y":-3.5083007812499996},"kskrakenextratilesv1-0-mqzgvhr5442":{"y":14.511718750000002},"kskrakenextratilesv1-0-mqzgwlqb1ph":{"y":-6.46484375},"kskrakenextratilesv1-0-mqzgwmty3jk":{"y":14.511718750000002},"kskrakenextratilesv1-0-mqzgxrmm326":{"y":-14.511718750000002},"kskrakenextratilesv1-0-mqzh0p78um":{"x":1.1102230246251565e-14,"y":4.7119140625},"kskrakenextratilesv1-0-mqzh11k72wv":{"y":14.511718750000002},"kr-statement":{"s":0.40990440966600544,"x":31.598789028868538,"y":-7.960446242973671},"kr-spot-10":{"s":0.8474576271186441},"kskrakenextratilesv1-2-mqzibsm66q0":{"s":0.8474576271186441},"kskrakenextratilesv1-2-mqzic7pw7av":{"s":0.8474576271186441,"x":0.05646346920077557,"y":1.38916015625},"kskrakenextratilesv1-2-mqzicyqg4a3":{"s":0.8474576271186443,"x":0.0703129993820979,"y":4.63623046875},"kskrakenextratilesv1-2-mqzidccvb0":{"s":0.8474576271186441},"ksfreelanceextratilesv1-2-mr1eigim336":{"x":0.19324567724655006},"ksfreelanceextratilesv1-5-mr1l2o2bkl":{"x":1.593761319327552,"y":43.67657960766424},"pr-2-nmr377qv24kf":{"s":1.081059478015368,"x":-0.9659770371671681,"y":-0.5999292508445453},"pr-2-nmr377r73s4":{"s":1.0288880400858584,"x":-0.04194070778774084,"y":0.3291264965174624},"pr-2-nmr378srm6e2":{"x":1.0634526763559022,"y":3.8884295164233578},"pr-2-nmr378t9z6nj":{"s":1.0826810672323925,"x":0.6965690006754386,"y":11.805885004351072},"dx-evt-2":{"s":1.0522826829069203,"x":-0.37167774167557943,"y":5.8249394680138815},"kskrakenextratilesv1-1-mr3jgmbn49r":{"s":1.025808307095883,"x":0.6096815751985998,"y":0.2944869903715998},"kskrakenextratilesv1-1-mr3jibbxi9":{"s":1.035075272210115,"x":-0.300015256275787,"y":-0.8847797557111934}}
